Response ID,Language,Postal,"Do you have a suggestion or suggestions for a future Slow Street? Please enter it here, in the following format: ABC Street, from X Street to Y Street",What is your home zip code?,P/N/O
3,English,94123,"6th Street/Taylor, from Mission to O'Farrell; 7th Street/Jones, from Mission to Turk 7th Street/Leavenworth, from Mission to O'Farrell 8th Street/Hyde, from Mission to O'Farrell",94102,P
4,English,94110,"Folsom Street, any number of SoMa alleyways",94103,P
5,English,94122,"JFK Drive in GG Park. People should not be driving to the park anyway. If people need to drive to get to a place to exercise, then it's too far! The sidewalks on JFK are very narrow and many runners are already running in the bike lane in the street which can be dangerous. ",94122,P
6,English,94080,Terry A Francois Blvd. (between Mission Rock and Mariposa). Grant Street in Chinatown. ,94158,P
7,English,94606,Powhattan:: bocaba/ wool to Andersen   Would still allow traffic to flow north/south from bernal Heights Blvd; flat an adjacent to public space on bernal hill ,94110,P
8,English,94117,,94117,P
9,English,94114,Capp Street in the Mission,94110,P
10,English,94114,"The Embarcadero, from Third and King to at least the Ferry Building. Lots of people walking/running/cycling on the Embarcadero, and it is difficult to dodge everybody. You could close just the Eastbound lane.  ",94107,P
11,English,94117,Haight Street from Octavia to Stanyan JFK from Stanyan to the Great Highway Cole Street from Haight to Carmel ,94117,P
12,English,94118,JFK in GGP of course Anza from Park Presidio to 25th Ave Clement from Argüello to Park Presidio  Balboa from 32nd to 45th Lake from Park Presidio to Argüello ,94121,P
13,English,94110,Dolores from San Jose to Market.,94110,P
14,English,94122,,94122,N
15,English,94123,Grant Street from Bush to Columbus.  Water side of the Embarcadero from Harrison to Powell or some subset. Taylor Street from California to Pacific.,94108,P
16,English,94114,Hampshire from 24th to Caesar Chavez  York from 24th to Caesar Chavez  25th from Potrero to Bryant  26th from Potrero to Bryant   Plus hundreds of other blocks on purely residential streets ,94110,P
17,English,94544,,94123,
18,English,94102,Every alley in SOMA. Golden Gate St in the Tenderloin. Hyde St in the Tenderloin. As many streets as possible.,94103,P
19,English,94117,"Valencia. Make it one way with protected bike lanes, and leave it like this forever (or no cars at all)",94103,
20,English,94037,None,94114,N
21,English,94110,"No specific street, but Noe Valley",94114,P
22,English,94080,,94116,N
23,English,94112,Cabrillo from Arguello all the way down Lake St (all of it) Valencia (market to Cesar Chavez) Stanyan (Parnassus to Geary) ,94117,P
24,English,94117,Not sure if the outer sunset needs the slow streets given our density but I recommend more police presence to slow drivers down.  I've seen lots of cats going faster than normal in the outside lands.,94116,Other
25,English,94109,"Greenwich, from Polk to Lyon Chestnut, from Polk to Lyon Columbus, from Beach to Montgomery North Point, from Van Ness to Embarcadero ",94123,P
26,English,78606,,,P
27,English,94110,"JFK drive, from Stanyan to Lincoln. ",94110,P
28,English,94110,,94102,P
29,English,94110,You have made 22nd street a slow street Yet 22nd is a path between Now Valley and the Mission also the SS office. Why don't you make 23rd Street a slow street since it is not a path to the Mission since it only goes one way as you get to Church Street?,94131,P
30,English,94131,Columbus Ave from Washington Street to Filbert.  Howard Street from 4th to the Embarcadero,94105,P
31,English,94108,"I would love to have slow streets near me. I have to walk on Pine and Bush streets to purchase food/essentials and they're my primary options for walking for exercise as well.  With the decrease in traffic cars are driving very fast on both streets. Sidewalks aren't wide enough to distance. I have taken to walking in the street, but it is not safe as all!",94108,P
32,English,94122,Haight street from octavia to Stanyan. Grove street from Scott to shrader. All of golden gate park. Divisadero from Turk to Castro. ,94117,P
33,English,94117,,94116,
34,English,94109,,94108,P
35,English,94121,"Stow lake drive and all small roads in GGP, JFK drive, Clement, cabrillo, 8th ave, 14th ave",94118,P
36,English,94109,"Steiner, from Page to Ellis.  Fulton, from Fillmore to Franklin.  Pierce, from Duboce Park to Oak.  Scott, from Duboce to Oak.",94115,Other
37,English,94110,,94110,P
38,English,98204,No ,,P
39,English,94112,Large sign on mission and Geneva on no turning on red HUGE SIGN NEEDED ASAP ,94014,Other
40,English,94117,JFK from Kezar to Great Highway  ,94117,P
41,English,94132,,94116,P
42,English,94116,,94116,
43,English,94110,No,94107,P
44,English,94110,"Rather than the corridors linking bike infrastructure, consider some of the long residential streets on the grid in the Mission.  For example, Florida, Treat, York, Shotwell.    There's no real need for thru traffic on those streets.  Bryant and Folsom, for instance, are fine for getting along the N/S corridor.  Streets in between could be marked for residents without even losing that precious, precious parking.",94110,P
45,English,94117,,94122,P
46,English,94115,"Baker St, from Turk to Fell. Drivers treat it as a thoroughfare, turning onto Baker at top speed. Making it a Slow Street could break that habit, in addition to creating a safe space for pedestrians right now.",94115,P
47,English,94103,"No, get rid of them all. ",94102,N
48,English,94123,"Grant Ave, from Market to Filbert Clay Street, from Kearny to Gough Stockton Street in Chinatown desperately needs wider sidewalks to allow proper social distancing. Removing parking and traffic lanes (while leaving a lane for buses) to create more waking space would be an enormous help. Car-free JFK.",94108,P
49,English,94110,"Valencia St, from Market to 24th JFK Drive, all of it Haight St, from Stanyan to Divisadero",94110,P
50,English,94110,"Chenery street, from Elk to Diamond. Valencia Street, from Cesar Chavez to Market. ",94131,P
51,English,94960,Not sure,,P
52,English,94108,"Maiden Lane, Stockton Street to Kearny Street Any Street, from Columbus and Grant Street Grant Street, Bush Street to Market Leavenworth Street. from Bush Street to Pine Street Dashiell Hammett, from Pine Street to Bush Street Washington Street, Embarcadero to Drumm",94108,P
53,English,94109,#NAME?,94109,P
54,English,94109,"Chestnut in the Marina, Baker in Nopa",94109,P
55,English,94109,"Leavenworth Street, from Ellis Street to McAllister Street California Street, from Hyde Street to Franklin Street 4th Street, from Harrison Street to Townsend Street (east side) The Embarcadero, from Townsend Street to North Point Street (east/water side, allow two-way car traffic on the west/land side)",94109,P
56,English,94112,Paris St from Avalon to Geneva. Madrid St from Silver to Geneva. Naples St from Silver to Geneva. Athens St from Madison to Geneva. Moscow St from Avalon to Geneva.,94112,P
57,English,94115,Fell St from Octavia to Stanyon Oak St from Stanyon to Octavia The wiggle Divisadero from Castro to California ,94115,P
58,English,94112,take the idea and shove it where the sun don't shine,94116,N
59,English,94117,All three blocks of grattan street,94117,P
60,English,94110,Bryant between 16th and 24th,94110,P
61,English,94621,"Most streets in the mission, 17th in Potrero hill, nearly all of Soma. 3rd street in Dogpatch/bay view (at least make one half no cars and it a single lane two way street on the other half). The Embarcadero. So many more. ",94107,P
62,English,94110,"24th street between Potrero and Mission, York between 26th and 20th.",94110,P
63,English,94117,"Grove, from Stanyan to Scott Lake, from El Camino del Mar to Arguello Cabrillo, from Great Highway to Arguello Grant, from Francisco to O'Farrell Green, from Lyon to Embarcadero Marina Blvd, from Baker to Laguna Howard, from S Van Ness to Embarcadero 6th St, from Market to Bryant 22nd St, from Grandview to 3rd St Treat, from 20th St to Cesar Chavez Clarendon, from Laguna Honda to Clayton Keith, from Carroll to Newcombe Oakdale, from Bayshore to Griffith Naples, from Geneva to Silver Cayuga, from Foote to Lyell Font, from Lake Merced Blvd to Junipero Serra ",94117,P
64,English,94118,Cabrillo Street from Arguello to La Playa.,94121,P
65,English,94110,"De Haro St, from 16th to 24th st.  It is already a very steep hill unsafe to drive, and with speed bumps, but with lots of walkers.  Drivers who are not local can easily take Potrero ave or 3rd st instead.",94107,P
66,English,94112,"Lee Ave, from Ocean Ave to Holloway Ave Ocean Ave, from Frida Kahlo Way to Alemany Blvd Frida Kahlo Way, from Judson Ave to Ocean Ave ",94112,P
67,English,94110,"Folsom Street, from 13th Street to 18th Street 17th Street, from Folsom Street to Bryant Street",94110,P
68,English,94117,,94122,N
69,English,94117,Valencia from 14 to Cesar Chavez! ,94110,P
70,English,94107,"I would suggest a few places that would be ideal:   - 2nd Street. The street is already under construction! Why not just close the whole thing to cars during this time, and focus on (1) construction and (2) walking/biking.  - Columbus Ave. - Embarcadero. It's incredibly busy with peds and bikes. No more trams running. Please close the water side to cars, and just run bidirectional traffic on the west side. ",94107,P
71,English,94121,8th Avenue from Lake Street to Fulton street,94118,P
72,English,94015,"All of Brotherhood Way, take away one of the two lanes each direction.",94142,P
73,English,94117,Valencia corridor in the Mission. Dolores st. ,94114,P
74,English,94122,"Martin Luther King Jr Dr, from Lincoln Way to Lincoln Way",94122,P
75,English,94122,JFK from Stanyan to the beach. MLK from JFK to the beach.,94122,P
76,English,94117,Clement street from 7th to Great Highway The entire stretch of JFK,94102,P
77,English,94105,"Valencia St, from 15th to 24th",94105,P
78,English,94116,Remove it,94116,Other
79,English,94122,Not at this time,94122,P
80,English,94110,"All of Valencia St, Polk St, Harrison. Anywhere that is a major bike route. ",94110,P
81,English,94118,Franklin. Fulton. ,94109,P
82,English,94133,Columbus between Bay and Broadway. All of Grant Avenue. All Alleyways and CB diminutive side streets in Chinatown and North Beach. ,94133,P
83,English,94122,"18th avenue between Lincoln and Wawona. Ocean avenue from 36th avenue until Junipero Serra, Portola (entire length), West Portal (entire length),   Monterey (entire length), San Bruno Ave (Silver to Geneva), Silver (Mission to San Bruno), 3rd Street (Evans to Williams), Jennings/Middle Point (Williams to Evans)",94122,P
84,English,94122,,94122,P
85,English,97520,Grant from Columbus to Bay. Filbert from the Presidio to Coit Tower. Etc etc etc ,94133,P
86,English,94109,"Columbus, from Montgomery to Bay Grant, from Bush to Broadway",94109,P
87,English,94114,"Townsend, from the Embarcadero to 8th Street",94107,P
88,English,94577,"Have everyone walk on their right side sidewalk. That way, people heading south will never encounter someone heading north because they'll be across the street.  Exceptions would be seniors and folks arriving at their destinations. ",94116,N
89,English,94109,"Right lanes on Columbus, at least Lombard to Pacific, if not ALL of the length of Columbus, for those on foot. Filbert, Jones to Columbus, to facilitate children's play.",94133,P
90,English,94112,Hayes from Van Ness to something,94103,P
91,English,94122,,94116,P
92,English,94131,Turn Stockton around union square into a permanent pedestrian green space walk way.  Oh my goodness I love how this transforms the area during the holidays.  Also love the proposed Powell street sidewalk expansion. This would transform the area to be exponentially more pedestrian cycling transit friendly inviting efficient...   YES!!!,94114,P
93,English,94115,"JFK Drive, Stanyan St to Great Hwy",94121,P
94,English,94133,,94133,P
95,English,94115,"Divisadero Street, from Marina Blvd to 14th Street Kezar Drive, from Lincoln Way to Stanyan Street Oak Street, from Stanyan Street to Van Ness Avenue Fell Street, from Stanyan Street to Van Ness Avenue Fulton Street, from Great Highway to Franklin Street Grove Street, from Stanyan Street to Van Ness Avenue",94115,P
96,English,94117,JFK,94114,P
97,English,94116,"Embarcadero, from 2nd to Bay street",94131,P
98,English,94110,"24th Street, from South Van Ness Ave to Potrero Ave",94110,P
99,English,94110,,94110,P
100,English,94116,JFK Drive from Stanyan St to Great Highway 23rd St from Dolores to Market  Burnett Ave from Twin Peaks Blvd to Portola Drive,94131,P