Response ID,Language,Postal,New suggest 1,New suggest 2,New suggest 3,New suggest 4,New suggest 5,What is your home zip code?,P/N/O,rec_1,rec_2,rec_3,rec_4,rec_5,rec_6,rec_7,rec_8,rec_9,rec_10,rec_11,rec_12,rec_13,rec_14,rec_15,rec_16
6411,English,94112,,,,,,94112,P,,,,,,,,,,,,,,,,
6412,English,94112,Alemany Blvd. between 45-55th,Hayes St (Hayes Valley),Divisidero (between Haight & Broderick),,,94112,P,Alemany,Hayes,Divisidero,,,,,,,,,,,,,
6413,English,94122,PLEASE REDUCE SIGNAGE ALONG SLOW STREETS CORRIDOR ,,,,,94122,Other,PLEASE,,,,,,,,,,,,,,,
6414,English,94123,,,,,,94123,P,,,,,,,,,,,,,,,,
6415,English,94110,Coleridge between Cortland and Powers,20th St between Valencia and Castro (extension of existing corridor),,,,94110,P,Coleridge,20th St ,,,,,,,,,,,,,,
6416,English,94121,Closing the great highway made more cars use residential streets ,The outer sunset and Richmond tax payers depend on the great highway for commute,Greenhouse gases increase when there is stop and go street traffic,The risk of neighborhood accidents is much higher when the great highway closed,,94121,N,Closing,The,Greenhouse,The,,,,,,,,,,,,
6417,English,94115,Turk Street between Gough Street and Laguna Street,,,,,94109,P,Turk,,,,,,,,,,,,,,,
6418,English,94102,Signage at every corner would make it safer,,,,,94110,P,Signage,,,,,,,,,,,,,,,
6419,English,94110,,,,,,94107,N,,,,,,,,,,,,,,,,
6420,English,94107,,,,,,94107,N,,,,,,,,,,,,,,,,
6421,English,94117,,,,,,94102,Other,,,,,,,,,,,,,,,,
6422,English,94121,,,,,,94109,Other,,,,,,,,,,,,,,,,
6423,English,94127,Vidal Dr 94132 which adjoin s Arballo,,,,,94132,P,Vidal,,,,,,,,,,,,,,,
6424,English,94122,Wawona between 37th ave and 47th ave,27th Avenue between Vicente and Lincoln ,,,,94122,P,Wawona,27th Ave,,,,,,,,,,,,,,
6425,English,94117,,,,,,94131,P,,,,,,,,,,,,,,,,
6426,English,94121,,,,,,94121,Other,,,,,,,,,,,,,,,,
6427,English,94118,CLAY ST,,,,,94118-2726,P,CLAY,,,,,,,,,,,,,,,
6428,English,94110,,,,,,94110,P,,,,,,,,,,,,,,,,
6429,English,94102,,,,,,94109,N,,,,,,,,,,,,,,,,
6430,English,80220,961 44th st,,,,,94608,P,961 44t,,,,,,,,,,,,,,,
6431,English,94110,,,,,,94131,Other,,,,,,,,,,,,,,,,
6432,English,94112,,,,,,94134,N,,,,,,,,,,,,,,,,
6433,English,94121,Cabrillo,,,,,94121,P,,,,,,,,,,,,,,,,
6434,English,95141,Amber Drive between Duncan Street and Duncan Street,Turquoise Way between Amber Drive and Amethyst Way,Quartz Way between Amber Drive and Turquoise Way,Amethyst Way between Turquoise Way and Amber Drive,,94131,P,Amber,Turquoise,Quartz,Amethyst,,,,,,,,,,,,
6435,English,94102,Amber Drive between Quartz and Turquoise,,,,,94131,P,Amber,,,,,,,,,,,,,,,
6436,English,94110,Amber Drive,,,,,94131,P,Amber,,,,,,,,,,,,,,,
6437,English,94121,Eliminate slow streets on Lake,Eliminate slow streets in GG Park,Open the Great Highway,,,94121,N,Eliminate,Eliminate,Open,,,,,,,,,,,,,
6438,English,90031,Amber Drive ,,,,,94131,P,Amber,,,,,,,,,,,,,,,
6439,English,96067,Crescent Ave,Cortland Ave,,,,94110,P,Crescent,Cortland,,,,,,,,,,,,,,
6440,English,94110,,,,,,94110,P,,,,,,,,,,,,,,,,
6441,English,94115,,,,,,94115,P,,,,,,,,,,,,,,,,
6442,English,94117,,,,,,94117,N,,,,,,,,,,,,,,,,
6443,English,94110,Amber Dr Between Turquoise and Quartz,,,,,94131,P,Amber,,,,,,,,,,,,,,,
6444,English,,,,,,,94115,P,,,,,,,,,,,,,,,,
6445,English,94015,,,,,,94107,Other,,,,,,,,,,,,,,,,
6446,English,94117,,,,,,94117,P,,,,,,,,,,,,,,,,
6447,English,94117,"Outdoor dining needs more room to expand. Dining inside walled in parking spots is too close. Outdoor dining, bars, and services (hari, tattoo, gyms) need space in the streets.",,,,,94117,P,Outdoor,,,,,,,,,,,,,,,
6448,English,94122,,,,,,94122,P,,,,,,,,,,,,,,,,
6449,English,94117,,,,,,94110,P,,,,,,,,,,,,,,,,
6450,English,,,,,,,94121,N,,,,,,,,,,,,,,,,
6451,English,94115,,,,,,94121,Other,,,,,,,,,,,,,,,,
6452,English,94110,18th St between Connecticut and texas,,,,,94107,Other,18th St ,,,,,,,,,,,,,,,
6453,English,94102,,,,,,94102,P,,,,,,,,,,,,,,,,
6454,English,94103,19th St through the Castro ending at Dolores Park,,,,,94117,P,19th St ,,,,,,,,,,,,,,,
6455,English,17013,STOP THIS ENTITLEMENT PROGRAM NOW,CA law permits vehicles with right if way.  This should at a minimum be posted.,,,,94131,N,STOP,CA,,,,,,,,,,,,,,
6456,English,94115,More signs for Clay Street between Steiner & Arguello,,,,,94115,P,More,,,,,,,,,,,,,,,
6457,English,80211,,,,,,94122,N,,,,,,,,,,,,,,,,
6458,English,94122,41st Ave between Lincoln and Vicente ,Kirkham between the beach and 7th ave,,,,94122,P,41st Ave,Kirkham,,,,,,,,,,,,,,
6459,English,94105,,,,,,94105,P,,,,,,,,,,,,,,,,
6460,English,94102,,,,,,94102,P,,,,,,,,,,,,,,,,
6461,English,94110,Valencia between 16th and 24th,Great Highway Lincoln and Sloat,Cortland between Bayshore and Mission,24th St Castro and Church,,94110,P,Valencia,Great,Cortland,24th St ,,,,,,,,,,,,
6462,English,94115,,,,,,94109,N,,,,,,,,,,,,,,,,
6463,English,94117,Keep side walk dining long term,Keep the slow streets program long term,Shut down Belcher Street for slow streets,,,94114,P,Keep,Keep,Shut,,,,,,,,,,,,,
6464,English,94110,,,,,,94131,P,,,,,,,,,,,,,,,,
6465,English,94117,Grove from Gough to Webster,Polk street,,,,94102,P,Grove,Polk,,,,,,,,,,,,,,
6466,English,19082,,,,,,94109,P,,,,,,,,,,,,,,,,
6467,English,94121,,,,,,94121,Other,,,,,,,,,,,,,,,,
6468,English,94122,,,,,,94122,Other,,,,,,,,,,,,,,,,
6469,English,94121,,,,,,94121,P,,,,,,,,,,,,,,,,
6470,English,94117,,,,,,94117,P,,,,,,,,,,,,,,,,
6471,English,94110,,,,,,94110,P,,,,,,,,,,,,,,,,
6472,English,30301,,,,,,94117,P,,,,,,,,,,,,,,,,
6473,English,94124,,,,,,94117行业建设,P,,,,,,,,,,,,,,,,
6474,English,94117,,,,,,94117,N,,,,,,,,,,,,,,,,
6475,English,94118,,,,,,94121,P,,,,,,,,,,,,,,,,
6476,English,94122,,,,,,94116,P,,,,,,,,,,,,,,,,
6477,English,94541,,,,,,94114,N,,,,,,,,,,,,,,,,
6478,English,,,,,,,94109,P,,,,,,,,,,,,,,,,
6479,English,94965,,,,,,94122,Other,,,,,,,,,,,,,,,,
6480,English,,,,,,,94110,P,,,,,,,,,,,,,,,,
6481,English,,,,,,,94117,N,,,,,,,,,,,,,,,,
6482,English,94115,,,,,,94115,P,,,,,,,,,,,,,,,,
6483,English,94110,,,,,,94110,P,,,,,,,,,,,,,,,,
6484,English,94103,,,,,,94103,P,,,,,,,,,,,,,,,,
6485,English,94117,,,,,,94117,Other,,,,,,,,,,,,,,,,
6486,English,94117,,,,,,94117,P,,,,,,,,,,,,,,,,
6487,English,,,,,,,94110,N,,,,,,,,,,,,,,,,
6488,English,94114,,,,,,94112,N,,,,,,,,,,,,,,,,
6489,English,94121,,,,,,94121,P,,,,,,,,,,,,,,,,
6490,English,94118,,,,,,94118,N,,,,,,,,,,,,,,,,
6491,English,94115,,,,,,94115,P,,,,,,,,,,,,,,,,
6492,English,94110,,,,,,94110,P,,,,,,,,,,,,,,,,
6493,English,94124,,,,,,94127,N,,,,,,,,,,,,,,,,
6494,English,94080,,,,,,94132,P,,,,,,,,,,,,,,,,
6495,English,94112,,,,,,94124,P,,,,,,,,,,,,,,,,
6496,English,94122,,,,,,94117,P,,,,,,,,,,,,,,,,
6497,English,94110,,,,,,94131,N,,,,,,,,,,,,,,,,
6498,English,94110,,,,,,94110,P,,,,,,,,,,,,,,,,
6499,English,94118,,,,,,94118,Other,,,,,,,,,,,,,,,,
6500,English,94110,,,,,,94110,P,,,,,,,,,,,,,,,,
6501,English,,,,,,,94110,P,,,,,,,,,,,,,,,,
6502,English,,,,,,,94121,N,,,,,,,,,,,,,,,,
6503,English,94121,,,,,,94121,N,,,,,,,,,,,,,,,,
6504,English,94115,,,,,,94121,P,,,,,,,,,,,,,,,,
6505,English,94122,,,,,,94131,P,,,,,,,,,,,,,,,,
6506,English,94121,,,,,,94118,Other,,,,,,,,,,,,,,,,
6507,English,94121,,,,,,94121,N,,,,,,,,,,,,,,,,
6508,English,94118,,,,,,94121,P,,,,,,,,,,,,,,,,
6509,English,94122,,,,,,94102,P,,,,,,,,,,,,,,,,
6510,English,94109,,,,,,94109,N,,,,,,,,,,,,,,,,
6511,English,94110,,,,,,94110,P,,,,,,,,,,,,,,,,
6512,English,94117,,,,,,94117,P,,,,,,,,,,,,,,,,
6513,English,94117,,,,,,94122,Other,,,,,,,,,,,,,,,,
6514,English,94118,,,,,,94121,P,,,,,,,,,,,,,,,,
6515,English,95112,,,,,,94112,P,,,,,,,,,,,,,,,,
6516,English,94122,,,,,,94122,N,,,,,,,,,,,,,,,,
6517,English,94115,,,,,,94115,P,,,,,,,,,,,,,,,,
6518,English,94546,,,,,,94116,N,,,,,,,,,,,,,,,,
6519,English,94117,,,,,,94122,N,,,,,,,,,,,,,,,,
6520,English,94117,,,,,,,N,,,,,,,,,,,,,,,,
6521,English,94122,,,,,,94127,P,,,,,,,,,,,,,,,,
6522,English,94122,,,,,,94116,N,,,,,,,,,,,,,,,,
6523,English,94107,,,,,,94107,P,,,,,,,,,,,,,,,,
6524,English,94122,,,,,,94116,Other,,,,,,,,,,,,,,,,
6525,English,94115,,,,,,94121,P,,,,,,,,,,,,,,,,
6526,English,94115,,,,,,94121,P,,,,,,,,,,,,,,,,
6527,English,94117,,,,,,94122,N,,,,,,,,,,,,,,,,
6528,English,94122,,,,,,94122,Other,,,,,,,,,,,,,,,,
6529,English,94112,,,,,,94116,N,,,,,,,,,,,,,,,,
6530,English,94122,,,,,,94122,N,,,,,,,,,,,,,,,,
6531,English,94122,,,,,,94116,N,,,,,,,,,,,,,,,,
6532,English,94122,,,,,,94122,N,,,,,,,,,,,,,,,,
6533,English,94118,,,,,,94121,N,,,,,,,,,,,,,,,,
6534,English,94122,,,,,,94122,N,,,,,,,,,,,,,,,,
6535,English,94119,,,,,,94114,N,,,,,,,,,,,,,,,,
6536,English,94116,,,,,,94122,N,,,,,,,,,,,,,,,,
6537,English,94122,,,,,,94122,N,,,,,,,,,,,,,,,,
6538,English,94121,,,,,,94121,Other,,,,,,,,,,,,,,,,
6539,English,94122,,,,,,94116,Other,,,,,,,,,,,,,,,,
6540,English,94122,,,,,,94122,N,,,,,,,,,,,,,,,,
6541,English,94122,,,,,,94116,N,,,,,,,,,,,,,,,,
6542,English,94116,,,,,,94122,N,,,,,,,,,,,,,,,,
6543,English,94606,,,,,,94103,P,,,,,,,,,,,,,,,,
6544,English,94121,,,,,,94121,N,,,,,,,,,,,,,,,,
6545,English,94115,,,,,,94118,P,,,,,,,,,,,,,,,,
6546,English,94121,,,,,,94121,N,,,,,,,,,,,,,,,,
6547,English,94110,,,,,,94103,P,,,,,,,,,,,,,,,,
6548,English,94122,,,,,,94121,N,,,,,,,,,,,,,,,,
6549,English,94121,,,,,,94121,N,,,,,,,,,,,,,,,,
6550,English,94116,,,,,,94122,Other,,,,,,,,,,,,,,,,
6551,English,94122,,,,,,94122,N,,,,,,,,,,,,,,,,
6552,English,94121,,,,,,94121,Other,,,,,,,,,,,,,,,,
6553,English,94121,,,,,,94121,P,,,,,,,,,,,,,,,,
6554,English,94121,,,,,,94121,P,,,,,,,,,,,,,,,,
6555,English,94121,,,,,,94121,P,,,,,,,,,,,,,,,,
6556,English,94552,,,,,,94117,N,,,,,,,,,,,,,,,,
6557,English,94117,,,,,,94117,P,,,,,,,,,,,,,,,,
6558,English,94112,,,,,,94116,N,,,,,,,,,,,,,,,,
6559,English,94619,,,,,,94107,N,,,,,,,,,,,,,,,,
6560,English,94121,,,,,,94121,N,,,,,,,,,,,,,,,,
6561,English,94127,,,,,,94127,Other,,,,,,,,,,,,,,,,
6562,English,94121,,,,,,94121,N,,,,,,,,,,,,,,,,
6563,English,94117,,,,,,94132,N,,,,,,,,,,,,,,,,
6564,English,94121,,,,,,94121,Other,,,,,,,,,,,,,,,,
6565,English,94118,,,,,,94118,N,,,,,,,,,,,,,,,,
6566,English,94118,,,,,,94118,P,,,,,,,,,,,,,,,,
6567,English,94118,,,,,,94121,N,,,,,,,,,,,,,,,,
6568,English,94118,,,,,,94122,P,,,,,,,,,,,,,,,,
6569,English,94127,,,,,,94127,N,,,,,,,,,,,,,,,,
6570,English,94110,,,,,,94110,P,,,,,,,,,,,,,,,,
6571,English,94103,,,,,,94122,P,,,,,,,,,,,,,,,,
6572,English,94121,,,,,,94121,Other,,,,,,,,,,,,,,,,
6573,English,94124,,,,,,94121,N,,,,,,,,,,,,,,,,
6574,English,94118,,,,,,94118,N,,,,,,,,,,,,,,,,
6575,English,94110,,,,,,94131,Other,,,,,,,,,,,,,,,,
6576,English,94115,,,,,,94115,P,,,,,,,,,,,,,,,,
6577,English,94127,,,,,,94116,N,,,,,,,,,,,,,,,,
6578,English,94118,,,,,,94121,P,,,,,,,,,,,,,,,,
6579,English,94702,,,,,,94121,N,,,,,,,,,,,,,,,,
6580,English,94127,,,,,,94127,P,,,,,,,,,,,,,,,,
6581,English,92328,,,,,,94114,P,,,,,,,,,,,,,,,,
6582,English,94117,,,,,,94122,P,,,,,,,,,,,,,,,,
6583,English,94577,,,,,,94116,N,,,,,,,,,,,,,,,,
6584,English,94116,,,,,,94123,P,,,,,,,,,,,,,,,,
6585,English,94122,,,,,,94116,N,,,,,,,,,,,,,,,,
6586,English,94116,,,,,,94122,N,,,,,,,,,,,,,,,,
6587,English,94117,,,,,,94102,P,,,,,,,,,,,,,,,,
6588,English,94116,,,,,,94116,N,,,,,,,,,,,,,,,,
6589,English,94546,,,,,,94117,P,,,,,,,,,,,,,,,,
6590,English,94521,,,,,,94117,P,,,,,,,,,,,,,,,,
6591,English,94591,,,,,,94116,P,,,,,,,,,,,,,,,,
6592,English,94112,,,,,,94131,N,,,,,,,,,,,,,,,,
6593,English,94117,,,,,,94117,N,,,,,,,,,,,,,,,,
6594,English,94117,,,,,,94122-4007,Other,,,,,,,,,,,,,,,,
6595,English,94115,,,,,,94115,P,,,,,,,,,,,,,,,,
6596,English,94804,,,,,,94804-4946,Other,,,,,,,,,,,,,,,,
6597,English,94117,,,,,,94116,N,,,,,,,,,,,,,,,,
6598,English,94118,,,,,,94118,Other,,,,,,,,,,,,,,,,
6599,English,94117,,,,,,94116,N,,,,,,,,,,,,,,,,
6600,English,94116,,,,,,94116,N,,,,,,,,,,,,,,,,
6601,English,94103,,,,,,94107,P,,,,,,,,,,,,,,,,
6602,English,94122,,,,,,94122,N,,,,,,,,,,,,,,,,
6603,English,94122,,,,,,94122,N,,,,,,,,,,,,,,,,
6604,English,94122,,,,,,94122,Other,,,,,,,,,,,,,,,,
6605,English,94122,,,,,,94122,Other,,,,,,,,,,,,,,,,
6606,English,94122,,,,,,94116,Other,,,,,,,,,,,,,,,,
6607,English,1040,,,,,,94102,P,,,,,,,,,,,,,,,,
6608,English,95062,,,,,,94117,P,,,,,,,,,,,,,,,,
6609,English,,,,,,,94115,Other,,,,,,,,,,,,,,,,
6610,English,94110,,,,,,94107,P,,,,,,,,,,,,,,,,
6611,English,94118,,,,,,94121,P,,,,,,,,,,,,,,,,
6612,English,94122,,,,,,94122,Other,,,,,,,,,,,,,,,,